job_title,location,company,salary,rating,summary
Program Analyst II & III,"New Orleans, LA","Ruchman and Associates, INC",,3.4,"Works closely with senior analysts or team leads. Conducts analyst functions including data collection, interviewing, data modeling, project testing, and…"
"Senior Data Engineer - Opportunity for Working Remotely New Orleans, LA","New Orleans, LA",Carbon Black,,3.6,Drive development of data products in collaboration with data scientists and machine learning engineers. Experience in big data technologies.
Human Resources Analyst A-C,"New Orleans, LA",State of Louisiana,"$2,694 - $5,304 a month",3.5,Collects and compiles statistical data required to prepare reports. Participates in salary surveys and other research needed to support requests for special pay…
Lead Data Engineer (remote),"New Orleans, LA",ThoughtWorks,,4.2,You are comfortable taking data-driven approaches and applying data security strategy to solve business problems.
Database Administrator III,"New Orleans, LA 70114 (Behrman area)","Agile Defense, Inc.",,4.5,"Support automatic interface of multiple external and internal databases into an organizational operational data warehouse, data mart platform for integration,…"
"Senior Business Analyst - Analytics & Insights - Opportunity for Working Remotely New Orleans, LA","New Orleans, LA",VMware,,4.0,Maintain a strong external focus within the data sciences and business intelligence/analytics space to keep current of industry leading practices and advances…
Research Scientist,"New Orleans, LA 70125 (Gert Town area)",Xavier University of Louisiana,,4.2,"M.S. in Biochemistry, Biology, or other relevant field (Position Two). Ph.D. in Biochemistry, Biology, or other relevant field (Position Two)."
"Fellow, Data Engineer","Metairie, LA 70001",American Heart Association,,3.8,"+ Work with scientists/grantees and AHA scientist and clinical volunteers on data analytics and statistical modeling for publications,."
Operations Analyst,"New Orleans, LA",Southern Glazer’s Wine and Spirits,,3.6,Audit and confirm the validity and accuracy of all data being reported data. Physical demands with activity or condition for a considerable amount of time…
Human Resources Administrator,"New Orleans, LA 70119 (Bayou St. John area)",Bricolage,,3.5,Completes and coordinates job verifications upon request from employees or employee related business; Act as a School Compliance Officer and conducts or…
Territory Manager,"New Orleans, LA",Saint-Gobain,,3.9,"Bachelor’s degree in architecture, marketing, business or similar discipline, or five (5) years of equivalent training and experience that provides thorough…"
Provider Claims Matching Analyst (Temp-6 months),"New Orleans, LA 70163 (Central Business District area)",MultiPlan Inc.,,3.5,Associates or Bachelor’s degree preferred. Minimum 1 year experience reviewing medical claims for a billing and/or insurance company.
Tax RPA Business Analyst – Senior,"New Orleans, LA 70139 (Central Business District area)",Deloitte,,4.0,"Bachelor’s degree in Computer Science or Business Administration, or relevant educational or professional experience. 2+ years of technology related experience."
"Senior Business Analyst, Annual Giving","New Orleans, LA",Tulane University,,4.1,"Experience with relational databases and complex data structure. Knowledge of report creation tools, and end user data manipulation tools."
IT SPECIALIST (APPSW),"New Orleans, LA",US Department of Agriculture,"$77,488 - $100,739 a year",4.1,Certain current or former term or temporary federal employees of a land or base management agency. Current or former competitive service federal employees.
HIM Data Integrity Coordinator,"New Orleans, LA (West Riverside area)",LCMC Health,,3.2,"Collaborates with all data integrity analysts, clinical departments, providers, and external vendors to resolve duplicate medical records, overlays, and data…"
Software Engineer,"New Orleans, LA 70170 (Central Business District area)",Baker Hughes,,4.0,"Have a basic understanding or testing frameworks like Junit, Jasmine, Selenium or Cucumber. Have a Bachelor's degree or higher in computer science, software…"
HIM Senior Analyst,"New Orleans, LA (West Riverside area)",LCMC Health,,3.2,"Minimum Required: High School Diploma, or equivalent. Familiarity with EPIC or other Electronic Health Records system."
Migration Engineer,"New Orleans, LA 70121",DXC,,3.2,Works on complex problems where analysis of situations or data requires an in-depth evaluation of multiple factors. Configuring and monitoring cloud resources.
Rehabilitation Employment Development Specialist,"Jefferson, LA",State of Louisiana,"$3,176 - $6,252 a month",3.5,This position may be filled as either a Probational or a Job Appointment (open to all qualified applicants); a Promotion (open to all statewide classified and…
"Project Manager - Junior (New Orleans, LA)","New Orleans, LA",Kingfisher Systems,,4.2,Minimum Clearance Requirement: Final or interim Secret required. Experience or Project Management certifications may be considered in lieu of.
Professional Product Support,"New Orleans, LA 70121",DXC,,3.2,Troubleshoot support questions or defects using shared knowledge platforms as well as personal research and critical thinking skills.
Senior Business Systems Analyst – Anaplan (remote OK),"New Orleans, LA 70112 (Central Business District area)",Splunk,,4.1,Provide ongoing production support to the business community regarding application functionality and data integrity. 2+ years of experience with Anaplan.
HIM Sr. Analyst,"New Orleans, LA (Tulane-Gravier area)",University Medical Center,,3.5,"4 years of experience Healthcare, Information Management, or Banking experience or a related field with a High School Diploma, or 2 years of Experience in…"
Clinical Resource Specialist,"New Orleans, LA",Smith & Nephew,,3.7,Responsible for the coordination and implementation of educational and clinical initiatives that support business objectives for assigned accounts and/or…
"Cloud Data Engineer (AWS, Azure, GCP)","New Orleans, LA 70139 (Central Business District area)",Deloitte,,4.0,"Build large-scale batch and real-time data pipelines with data processing frameworks in AWS, Azure or GCP cloud platform. Master’s degree or higher."
Stan/Eval Coordinator,"New Orleans, LA 70143","Credence Management Solutions, LLC",,4.1,"Update data in PEX, future equivalent systems to PEX, and locally-developed computer database systems as required."
Intern – Credit Risk Analytics,"New Orleans, LA 70139 (Central Business District area)",Hancock Whitney,,3.7,Ability to learn business intelligence and data management software and other related software applications. Assist with data gathering and cleansing.
Environmental Scientist II - New Orleans,"New Orleans, LA",CENTER FOR TOXICOLOGY AND ENVIRONMENTAL HEALTH LLC,,,"In performing such duties, an Environmental Scientist II will conduct research or perform investigations for the purpose of identifying, abating, or eliminating…"
"Applications Developer - Opportunity for Working Remotely New Orleans, LA","New Orleans, LA",VMware,,4.0,"Rethink's Neurodiversity program to support parents raising children with learning or behavior challenges, or developmental disabilities."
"Applications Developer - Opportunity for Working Remotely New Orleans, LA","New Orleans, LA",VMware,,4.0,"Rethink's Neurodiversity program to support parents raising children with learning or behavior challenges, or developmental disabilities."
IAM Analyst,"New Orleans, LA 70139 (Central Business District area)",Deloitte,,4.0,"Bachelor-level degree in Computer Science, Cyber Security, Information Technology, Information Sciences, or equivalent educational or professional experience…"
Manufacturing Technician,"New Orleans, LA 70129 (Viavant-Venetian Isles area)",LOCKHEED MARTIN CORPORATION,,4.0,"Work closely with design engineers & product support engineers to construct developmental assemblies, sub-assemblies, components, tools & shop aids."
"Analyst, Assessment","New Orleans, LA",Tulane University,,4.1,"Master's Degree in a field closely related to research or data analysis (i.e. statistics, information sciences, social sciences, etc.)."
MAP Operator,"New Orleans, LA 70146 (Lake Terrace And Oaks area)",Serco North America,,3.5,High school diploma or its equivalent. 0-2 years’ experience in incident management or related field. Use a two-way radio and/or smart phone to communicate and…
Full Stack React Developer,"New Orleans, LA 70139 (Central Business District area)",Deloitte,,4.0,Experience working with data scientists and integrating analytical models. Serverless application development with Google or AWS.
Crisis Management Consultant,"New Orleans, LA 70139 (Central Business District area)",Deloitte,,4.0,"Conduct relevant research, data analysis, and create reports. Reporting data for management and decision-making. Assist in proposal development, as requested."
Engineer Lead,"Harahan, LA 70123",TownePlace Metairie,,,High School diploma or equivalent required. Must have the ability to assimilate complex information data etc. Experience in a hotel or a related field preferred…
Tibco Lead Developer,"New Orleans, LA 70113 (Central City area)",SDH Systems,"$127,712 a year",,Interact with backend/database team to create entry to the company database. Provide support or fix if any raised during this phase and help in re testing it.
"Student, Intern (Trans)","New Orleans, LA",Entergy,,3.8,"Transmission Substation and Line database management. Must be actively pursuing a bachelors, masters or doctorate degree as indicated above and at minimum…"
Financial Analyst - LCMC New Orleans East Hospital,"New Orleans, LA (West Lake Forest area)",New Orleans East Hospital,,4.0,"Bachelor's or advance degree in Finance, Accounting, or related field. 3 years experience in finance, accounting, or analytical role."
Manufacturing Analyst,"New Orleans, LA",Intralox,,3.7,"Manage and Update data systems and data tables. Business, Engineering or Computer Science Degree Preferred. Work with Manufacturing Supervisors and Leaders to…"
ENGINEERING TECHNICIAN 5,"New Orleans, LA",State of Louisiana,"$3,493 - $6,120 a month",3.5,"Broad from an Engineering Technician 6, 7, or professional engineer or higher level manager of the agency served."
Senior Database Administrator - Power BI,"New Orleans, LA 70114 (Behrman area)",H2 Performance Consulting,,4.3,"Perform database tuning, software patches, upgrades and database monitoring. Implement database standards policies and procedures. Education: BA/BS or MA/MS."
Training Coordinator,"New Orleans, LA 70115 (Touro area)",McCormick,,3.7,Act as administrator for the facility SOP / Training Material database on the McCormick Sharepoint. High School diploma or equivalent.
Chief of Schools,"New Orleans, LA 70114 (Behrman area)",InspireNOLA Charter Schools,,,"Lead efforts to standardize internal data management and analysis processes. Proficiency in Microsoft programs, and comfort using database programs."
People Operations Specialist,"New Orleans, LA",Prokeep,,,You measure everything and use that data to improve and optimize systems and processes. We are looking for candidates who have been responsible for full-cycle…
Mechanical Maintenance Supervisor,"New Orleans, LA 70129 (Viavant-Venetian Isles area)","American Sugar Refining, Inc.",,3.1,Collects technical data on equipment to be used for modification or replacement. Experience working as or supervising machinists required.
Reporting Analyst,"Elmwood, LA 70123",Margin Recovery International,,3.0,"Experience with data warehouses or database design. Identifies, analyzes, and interprets trends or patterns in complex data sets."
Senior Database Administrator/Systems Analyst,"New Orleans, LA 70125 (Gert Town area)",Xavier University of Louisiana,,4.2,Provide database support to university personnel during all phases of software implementation and/or upgrades to the database environments.
Epic IT Systems Analyst - Clinical Documentation - Full Time,"New Orleans, LA (West Riverside area)",LCMC Health,,3.2,"Alerts senior staff members of any outages, problems or delays. Able to collect data regarding current environment and document workflow and system access."
Environmental Engineer,"Norco, LA",Valero Energy Corporation,,3.7,"Bachelor of Science (or higher) in chemical, petroleum, or environmental engineering preferred. Bachelor of Science degree (or higher) in Engineering or related…"
System Analyst (Part-time - 22.5 hours/week),"New Orleans, LA",Tulane University,,4.1,"10+ years experience in a business, accounting or similar setting. Required Education and/or Experience. Strong computer skills with emphasis on spreadsheet and…"
Senior Financial Analyst,"New Orleans, LA 70123",BOEING,,4.0,"Bachelors Degree in finance, accounting, business, or other related field. Compiles data from multiple sources and develops performance reports."
DP - Analyst III - Sr,"New Orleans, LA",Entergy,,3.8,Bachelor's Degree in a technical or business-related field or equivalent work experience. Formats data for cost analysis and maintains historical cost database.
Acquisition Analyst,"New Orleans, LA 70114 (Behrman area)",H2 Performance Consulting,,4.3,"3-5 years of relative experience in program management, business analysis, and understanding of acquisition life cycle with proven experience supporting…"
Transportation Planner Entry Level,"New Orleans, LA 70181 (Tremé Lafitte area)",AECOM,,3.7,+ Collects and analyzes data under the supervision of an experienced engineer. + Bachelor’s degree in Urban Planning or design or related field.
Regional Planning Analyst - Advanced Statistics / Machine Learning / Regression Analysis,"New Orleans, LA 70163 (Central Business District area)",Atmos Energy,,4.0,Provides each business division regulatory support including processing data requests preparing testimony and testifying before state commissions.
Sales Consultant,"Gretna, LA 70056",Paychex Inc.,,3.6,"With your entrepreneurial drive, build your business through evaluation of our prospective clients’ human capital management needs."
Civil Engineer Summer Student Intern,"New Orleans, LA 70163 (Central Business District area)",Fenstermaker,,4.4,Collecting and preparing data for evaluation. The Civil Engineer Student Intern will utilize their current knowledge to perform routine aspects of engineering…
"Manager, Big Data Software Engineer","New Orleans, LA 70112 (Central Business District area)",KPMG,,4.0,A minimum of seven years of DevOps/systems administrator or equivalent distributed systems development experience; preferably in cloud hosted environment.
Senior Client Development Specialist,"New Orleans, LA 70123",Terracon,,3.2,"Actively search for new business opportunities for engineering consulting department, office or division. Utilizes the available business intelligence tools to…"
Solution Architect - Data & Analytics,"New Orleans, LA 70139 (Central Business District area)",Deloitte,,4.0,"MS SQL Server, SAP HANA, MS Azure Cortana suite or similar database, business intelligence and analytic platforms. Mentoring technical leads and developers."
Field Service Rep II,"New Orleans, LA",CDK Global,,3.2,"2+ years’ experience as a Field Service Rep installing and repairing computer systems, or a recent grad of a solid technical school or institute."
Estimator,"Belle Chasse, LA 70037",Point Eight Power,,3.0,"5 years of experience in designing or estimating low voltage and medium voltage switchgear, motor control centers, control panels or power control buildings,…"
AWS Snowflake Engineer,"New Orleans, LA",Accenture,,4.0,Experience in Snowpipe for handling Streaming data is a plus. Minimum of 3 years of experience in creating master data datasets.
Practice Administrator,"New Orleans, LA (West Riverside area)",Children's Hospital,,2.9,"Minimum Required: Bachelor's Degree (business, healthcare or related field) or Enrollment in a BS program with in the first year of hire and completion within 3…"
Lead Operating Engineer.,"New Orleans, LA",Tulane University,,4.1,"Trade school or college preferred. The Lead Operating Engineer makes routine inspections, reads meters and gauges, performs water treatment test, and logs the…"
Clinical Quality Analyst,"Metairie, LA 70006",East Jefferson General Hospital,,3.6,"The Clinical Quality Analyst will perform concurrent, focused and retrospective patient care reviews using approved and established criteria to collect data for…"
Help Desk Analyst (NSIPS),"New Orleans, LA","Cognosante, LLC",,3.8,"This web-enabled, Enterprise Resource Planning (ERP) system offers Sailors 24-hour access to their Electronic Service Record (ESR), training data, and career…"
Commercial Marketing Strategist (Remote),"New Orleans, LA",First Horizon,,3.7,Strong analytical skills and data-driven thinking. Deep understanding of and advocacy for key middle market business customer segments and ability to align line…
Budget / Financial Analyst,"New Orleans, LA",Cherokee Nation Businesses,,3.4,Process backup reports after data entry. Prepare batches of funding documents for data entry. The Finance Analyst will provide financial and administrative…
Intern - Bank Secrecy Act,"New Orleans, LA 70139 (Central Business District area)",Hancock Whitney,,3.7,"Coursework in the following subjects preferred: Business analyst, criminal justice, business statistics, writing for business, information technology."
CAD CAM Sales Specialist - Dental,"New Orleans, LA",PATTERSON COMPANIES,,3.3,Bachelor’s Degree in any related field and 3 to 5 years' of business to business outside sales experience or equivalent combination of education and experience…
Producer Services Associate 1,"New Orleans, LA 70130 (Central Business District area)",Pan-American Life Insurance Group,,3.8,Maintaining new producer’s contract and processing the appropriate changes on Life-Comm and or various data-bases or systems.
HRIS Analyst,"New Orleans, LA",Tulane University,,4.1,Thorough understanding of essential business functions in order to translate business requirements into system configurations.
Director,"New Orleans, LA",Caris Life Sciences,,2.8,"Ability to think creatively and initiate new ideas or solutions to business issues. Ph.D. or M.D. in a biological science related to pharmacology, cancer…"
Senior Credit Review Analyst,"New Orleans, LA 70139 (Central Business District area)",Hancock Whitney,,3.7,Assembles raw loan portfolio data from diverse sources into meaningful reporting information for use in quantifying and assessing asset quality of the portfolio…
Associate Battery Engineer,"New Orleans, LA",Advano,,,"Or M.S. in Chemistry, Chemical Engineering, or Materials Science. Document cell fabrication and testing data. Work with battery engineers to streamline standard…"
Project Manager,"New Orleans, LA",Susco,,,"Experience performing business analysis for software development projects. Research, design, and plan mobile, web, database, or application software."
Lending Compliance Analyst,"New Orleans, LA 70139 (Central Business District area)",Hancock Whitney,,3.7,Bachelor’s degree in business administration is preferred or related work experience. 3-5 years Lending Services and/or Compliance experience.
Talent Acquisition Specialist,"New Orleans, LA 70121",Republic National Distributing Company,,3.4,"Bachelor’s degree in business, human resources or a related preferred. Proactively seeks market intelligence to gain competitive advantage in attraction,…"
LCMC Senior CBO Training Specialist,"New Orleans, LA 70118 (Leonidas area)",LCMC Health,,3.2,Preferred: 7 years in hospital setting with training or mentoring responsibilities. Support educational needs for central business office to insure consistency…
"DP - Analyst, Sr Staff - Strategic Alliances","New Orleans, LA",Entergy,,3.8,Bachelor's Degree in a technical or business-related field is desired. Requires a college or university degree. Minimum experience required of the position.
"Supervisor, Credit Review","New Orleans, LA 70139 (Central Business District area)",Hancock Whitney,,3.7,"Understands business implications of decisions and displays an orientation to profitability. Bachelor’s Degree preferably in Business Administration, Finance or…"
Chemist,"New Orleans, LA",Advano,,,"Providing chemical support to R&D team members, including other engineers and scientists, for materials development."
Engineering Co-op/Intern,"Luling, LA",Bayer,,4.2,"Successfully completed sophomore year or higher and returning to school upon completion of Intern or Co-op; Assist with conducting engineering cost, feasibility…"
Materials Analysis Technician,"New Orleans, LA",Advano,,,"Maintenance of scheduling and turnaround times for all data acquisition systems. As part of the Materials Analysis team, you will have responsibilities for the…"
Sales Coordinator,"New Orleans, LA",Fidelity Bank LA,,,"Minimum GED or High School diploma. 5+ years’ experience in mortgage sales or operations. Bachelor’s degree, preferably in a business related field."
Senior Systems Administrator,"New Orleans, LA 70125 (Gert Town area)",Xavier University of Louisiana,,4.2,10-15 years system administration or equivalent experience. Analyzes infrastructure performance and resolves problems or makes appropriate recommendations.
"Account Consultant, Eye Care Surgical - New Orleans","New Orleans, LA",Abbvie,,4.0,Drive outcomes and thereby rapid adoption by providing re-training or ongoing commercial support as needed to customers (or appropriately escalating).
Process Lab Technician,"New Orleans, LA",Advano,,,Essential FunctionsReasonable accommodations may be made to enable individuals with disabilities to perform these essential functions:Handling of chemicals to…
Customer Service Director,"New Orleans, LA 70125 (Gert Town area)",Xavier University of Louisiana,,4.2,"Proficiency in Lean, Six Sigma, and/or Change management. Proven Management and/or relationship management experience at a senior, strategic level role."
US Data Protection Senior Analyst,"New Orleans, LA 70139 (Central Business District area)",Deloitte,,4.0,"You work closely with management, leads, peers, development teams, business analysts, and end users to ensure data protection for systems are used by all areas…"
CAD CAM Sales Specialist - Dental,"New Orleans, LA 70112 (Central Business District area)","Patterson Companies, Inc.",,3.3,Bachelor’s Degree in any related field and 3 to 5 years' of business to business outside sales experience or equivalent combination of education and experience…
Sales Engineer,"New Orleans, LA 70121",Gulf Coast Chemical,,3.4,"When sampling or treating storage tanks, or when offshore, this may involve multiple trips up and down steel stairs of 40 feet or more per flight."
IT Project Delivery Lead I,"New Orleans, LA",Tulane University,,4.1,"The Delivery Lead I leads a cross functional team of developers, system administrators, business analysts, and others using a mix of traditional project…"
Production Assembler,"Belle Chasse, LA",Reagan Family of Companies,,,"Identify and report missing materials or production problems that may cause project delays or effect quality. High School diploma or equivalent, preferred."
Procurement Analyst,"New Orleans, LA",US Department of the Army,"$77,488 - $100,739 a year",4.3,Certain current or former term or temporary federal employees of a land or base management agency. Compile and analyze data in response to various data calls…
Test Engineer/Test Specialist,"New Orleans, LA",Guidehouse,,3.4,"Education: Bachelor’s or Master’s degree in a Computer Science or related technical discipline, or the equivalent combination of education, technical…"
Investment Associate (Multifamily),"New Orleans, LA",Greysteel,,4.2,Contribute to Greysteel’s proprietary database by submitting notes regarding investor or lender investment objectives or programs.
Plant Engineer,"New Orleans, LA",Reily Foods Company,,3.6,Reports any injury or accident immediately to supervisory and/or any unsafe condition. Proactively identifies outages or issues in the manufacturing processes…
Industrial Account Executive,"Jefferson, LA",Entergy,,3.8,Bachelor's degree in related field or equivalent work experience. Desired: 10+ years related technical and/or complex customer service experience.
IT Field Services Technician,"New Orleans, LA",Bay State,,4.0,"Understands and uses appropriate tools to analyze, identify and resolve business and or technical problems. Applies specialized knowledge in a single discipline…"
Director of Finance,"New Orleans, LA",KIPP New Orleans Schools,,3.2,"Expert analyst who isolates relevant data from an array of innovative sources and utilizes appropriate techniques to structure, analyze and quality-check the…"
Senior Logistics Analyst,"New Orleans, LA 70146 (Lake Terrace And Oaks area)",Serco North America,,3.5,"Support Logistics optimization efforts by identifying opportunities and building data driven business cases. Develop, analyze, and conduct operational research…"
Mechanical Engineer,"New Orleans, LA 70123","Trident Maritime Systems,",,3.4,"Reviewing and interpreting system specifications and data. Developing and providing written information including labor and material estimates, proposals,…"
Energy and Sustainability Planner,"New Orleans, LA",HDR,,3.8,5+ years of community or military planning experience is preferred. Experience in or knowledge of the military services is preferred.
Civil Engineer (EI),"Metairie, LA 70002",APTIM,,3.6,Uses best practices and knowledge of internal/external business issues to improve products or services in own discipline. Proficient in MS Office Suite.
Inspector,"New Orleans, LA",Michael Baker International,,3.8,Enter data rapidly and accurately and operate tools and equipment. We are a national leader in Construction Services with staff that support our clients by…
Senior Geotechnical Engineer,"New Orleans, LA 70123",Terracon,,3.2,"Supervise less experienced engineers or technical support personnel on projects. Assign, review, and evaluate laboratory or field data for inclusion in reports."
Senior Talent Advisor - Nuclear,"New Orleans, LA",Entergy,,3.8,Develop and maintain relationships with key business leaders across assigned businesses to ensure talent pipelines meet business needs.
"Revenue Manager - Opportunity for Working Remotely New Orleans, LA","New Orleans, LA",VMware,,4.0,Primary responsibilities include providing technical revenue accounting assessment and partnering with various business units to structure their offerings that…
Sales Representative in Training,"Harahan, LA 70123",Cintas,,3.3,"Gathering and utilizing business intelligence on prospects to support sales calls, product presentations and driving new business. 401(k)/Profit Sharing/ESOP."
Senior Software Engineer,"New Orleans, LA",Federal Computing,,,"Must have successfully earned 4yr Bachelor of Science from accredited university, in Computer Engineering or Computer Science."
Sales Representative - Facility Services,"Saint Rose, LA 70087",Cintas,,3.3,"Gathering and utilizing business intelligence on prospects to support sales calls, product presentations and driving new business. 401(k)/Profit Sharing/ESOP."
Technical Superintendent,"Hahnville, LA 70057",Occidental,,4.0,5 or more years of plant process engineering experience. Assigns projects and priorities for completion by process engineers and supervises these people.
Systems Engineer II (Government),"New Orleans, LA",AT&T,,3.7,Conduct or provide new equipment deployments and/or requested deployment support. Participate in pre-scheduled after-hours support of weekly on-call rotation…
Senior Systems Analyst,"New Orleans, LA 70125 (Gert Town area)",Xavier University of Louisiana,,4.2,"Develop/change data input, files/database structures, data transformation, algorithms, and data output by using appropriate computer language/tools to provide…"
"Sales Representative - New Orleans, LA","New Orleans, LA 70121",Bioventus,,3.7,Interest in orthobiologics and/or sports medicine preferred. Emotional intelligence and active listening skills are essential in this role.
HRIS Analyst,"New Orleans, LA",Tulane University,,4.1,Thorough understanding of essential business functions in order to translate business requirements into system configurations.
Director,"New Orleans, LA",Caris Life Sciences,,2.8,"Ability to think creatively and initiate new ideas or solutions to business issues. Ph.D. or M.D. in a biological science related to pharmacology, cancer…"
Senior Credit Review Analyst,"New Orleans, LA 70139 (Central Business District area)",Hancock Whitney,,3.7,Assembles raw loan portfolio data from diverse sources into meaningful reporting information for use in quantifying and assessing asset quality of the portfolio…
Associate Battery Engineer,"New Orleans, LA",Advano,,,"Or M.S. in Chemistry, Chemical Engineering, or Materials Science. Document cell fabrication and testing data. Work with battery engineers to streamline standard…"
Project Manager,"New Orleans, LA",Susco,,,"Experience performing business analysis for software development projects. Research, design, and plan mobile, web, database, or application software."
Lending Compliance Analyst,"New Orleans, LA 70139 (Central Business District area)",Hancock Whitney,,3.7,Bachelor’s degree in business administration is preferred or related work experience. 3-5 years Lending Services and/or Compliance experience.
Talent Acquisition Specialist,"New Orleans, LA 70121",Republic National Distributing Company,,3.4,"Bachelor’s degree in business, human resources or a related preferred. Proactively seeks market intelligence to gain competitive advantage in attraction,…"
LCMC Senior CBO Training Specialist,"New Orleans, LA 70118 (Leonidas area)",LCMC Health,,3.2,Preferred: 7 years in hospital setting with training or mentoring responsibilities. Support educational needs for central business office to insure consistency…
"DP - Analyst, Sr Staff - Strategic Alliances","New Orleans, LA",Entergy,,3.8,Bachelor's Degree in a technical or business-related field is desired. Requires a college or university degree. Minimum experience required of the position.
"Supervisor, Credit Review","New Orleans, LA 70139 (Central Business District area)",Hancock Whitney,,3.7,"Understands business implications of decisions and displays an orientation to profitability. Bachelor’s Degree preferably in Business Administration, Finance or…"
IT Senior Systems Analyst - EPIC Beaker Team,"New Orleans, LA (West Riverside area)",LCMC Health,,3.2,Epic or other certification Required where appropriate. Develops and/or evaluates previously refined data and programs and selects from a range of alternatives…
"Senior Territory Business Manager, Hematology","New Orleans, LA",Bristol Myers Squibb,,4.2,Preparing and implementing a comprehensive business plan for territory. Communicating competitive market intelligence to brand teams and management.
"Project Manager, MID - New Orleans, LA","New Orleans, LA",Kingfisher Systems,,4.2,"Degree Requirement: Bachelor's Degree in Computer Science, MIS, Business, or related field. Coach and advise team members to accomplish project goals, to meet…"
Director of Tobacco Control & Prevention and Louisiana Campaign for Tobacco Free Living (TFL),"New Orleans, LA 70112 (Central Business District area)",Louisiana Public Health Institute,"$110,000 a year",4.5,Doctoral degree in public health or related field preferred. Eight or more years of experience in management and/or public health program implementation at…
Store Protection Specialist,"Harvey, LA 70058",Ross Stores,,3.4,"Gathers theft indicators and uses internal or external intelligence to impact shortage trends. Must be able to regularly bend, stoop, or crouch (frequency and…"
PROJ-2929-Network Support Engineer-L1-MSY002,"New Orleans, LA",Iron Systems,,3.5,Re-seating or replacing components or cables. BSc degree in Computer Science or related field or equivalent. Installing or replace modular equipment components.
US Cyber Security Technology Engineering Analyst,"New Orleans, LA 70139 (Central Business District area)",Deloitte,,4.0,"Cyber Security vigilantly protects Deloitte and client data. Provide expertise and translate the business needs to design; and develop tools, techniques, and…"
Senior Quality Assurance Engineer,"New Orleans, LA 70170 (Central Business District area)",Baker Hughes,,4.0,"Strong experience creating test data based on business requirements. Have strong experience testing SOAP or REST based web services using tools like Postman,…"
Senior Professional Software Developer,"New Orleans, LA",COMPQSOFT,,3.5,"Ability to perform complex SQL queries and use database tools to examine table structures, indexes and other database objects."
Senior Cyber Assessment Analyst – Cloud Services,"New Orleans, LA 70139 (Central Business District area)",Deloitte,,4.0,"Bachelor’s degree in Computer Science or Business Administration, or relevant educational or professional experience."
"Senior Product Manager, Merchant Ecosystem","New Orleans, LA",Recurly,,,"Rely on customer feedback, market research, and competitive intelligence to build customer-driven products and enhancements."
VP Professional Membership & Engagement,"Metairie, LA 70001",American Heart Association,,3.8,+ Science or Medical Society Membership experience. + Professional Medical or Science Society Administration experience.
Cyber Security Splunk Engineer,"New Orleans, LA 70139 (Central Business District area)",Deloitte,,4.0,"Bachelor’s degree in Computer Science or Business Administration, or relevant educational or professional experience. Knowledge and experience in GIT."
"Senior Sales Rep, endoVenous - New Orleans / South Louisiana","New Orleans, LA",Medtronic,,3.9,Degree in biological science or business preferred. Maintain and expand existing business; develop new business opportunities. President’s Club or equivalent.
Civil Engineer,"New Orleans, LA",US Department of the Army,"$72,483 - $94,233 a year",4.3,Certain current or former term or temporary federal employees of a land or base management agency. You MUST submit a copy of your license or certification with…
Civil Engineer,"New Orleans, LA",US Department of the Army,"$72,483 - $94,233 a year",4.3,Certain current or former term or temporary federal employees of a land or base management agency. You MUST submit a copy of your license or certification with…
DevOps Engineer,"New Orleans, LA 70112 (Central Business District area)",Conlogy,,,"Impact & Influence:: This position will interact on a consistent basis with: Other software developers and analysts, project manager’s database administrators,…"
"Software Engineer II, Core Team","New Orleans, LA",Lucid,,3.2,Support the business teams and product managers in data extracts and data analysis. Build analytics tools that utilize the data pipeline to provide actionable…
Senior Mobile Application Developer - 1,"New Orleans, LA",KLM Careers,,,Develope a service layer to retrieve data and apply business logic. Develope a service layer to retrieve data and apply business logic.
Senior Full-stack Software Engineer (Remote),"New Orleans, LA",Collage.com,,4.6,Review code and mentor other engineers. Experience implementing and testing advanced JavaScript code on a team as part of a production web or mobile application…
Staff Scientist (Field Applications),"New Orleans, LA 70112 (Central Business District area)",Thermo Fisher Scientific,,3.5,Conduct research to generate data highlighting the use of supported products in biotech/biopharma workflows utilizing techniques in molecular biology.
IT Technical Applications/Systems Analyst II - IT Technology,"New Orleans, LA (West Riverside area)",LCMC Health,,3.2,Object-oriented or other programming experience and/or SQL or other relational database experience is preferred. Minimum Required: High School Diploma.
Information Assurance Engineer - Remote,"New Orleans, LA 70145 (Bywater area)",Millennium Corporation,,4.0,"Provide cybersecurity-related consultation and guidance to program managers, system engineers, and developers. Candidate must have an active Secret Clearance."
Audit & Assurance Senior,"New Orleans, LA 70139 (Central Business District area)",Deloitte,,4.0,"Leverage artificial intelligence, advanced analytics, data visualizations. Utilize innovation tools to assess client data."
Web Developer,"New Orleans, LA",Guidehouse,,3.4,"Bachelor’s degree in Computer Science or related technical discipline, or the equivalent combination of education, technical certifications, training or work…"
Professional Software Engineer,"New Orleans, LA 70121",DXC,,3.2,1+ years as a professional .net developer or .net software engineer. Writes programs according to specifications provide by higher level staff or business…
ASP.NET (C# and SQL) Developer - 1,"New Orleans, LA 70112 (Central Business District area)",KLM Careers,,,"US Citizen or Green Card holder. Highly proficient in database design and SQL. Opportunity for full remote, hybrid or in person. 15 days annual PTO, 8 holidays."
Systems Administrator,"New Orleans, LA 70113 (Central City area)",Leidos,,3.7,High school Diploma or General Equivalency Diploma (GED). Lead project teams in implementing new or upgraded designs and coordinate project efforts with support…
Systems Engineer,"New Orleans, LA",Bernhard LLC,,,"Healthcare or Higher Education project experience. (ASHRAE 170, 62.1, or other state/local codes.). Prepares programming instructions for Control Technicians,…"
"Postdoctoral Fellows/Scholars in neuroscience, Alzheimer’s disease, and regenerative medicine, and wound healing","New Orleans, LA 70115 (Touro area)",LSUHSC,,4.1,"PhD in neuroscience and biological, medical, biochemical, or biomaterial field. The willingness to share the knowledge and information with and facilitate…"
Information Assurance Engineer,"New Orleans, LA 70145 (Bywater area)",Millennium Corporation,,4.0,"Provide cybersecurity-related consultation and guidance to program managers, system engineers, and developers. Candidate must have an active Secret clearance."
Data Management Solution Architect,"New Orleans, LA 70139 (Central Business District area)",Deloitte,,4.0,"5+ years in a data architecture and/or data engineering role. Participate in collaborative development of data management, business intelligence and analytic…"
Web Programmer / Developer,"Metairie, LA 70005",Berning Marketing and Production,,,This person will work with agency account executives and designers and will be responsible for: Client-server & object-oriented concepts.
Civil Engineer,"New Orleans, LA 70163 (Central Business District area)",Fenstermaker,,4.4,Must have LA PE licensure or ability to obtain within 6 months. Will be responsible for the review and sealing of own projects or the work of others.
Senior Front-end Software Engineer,"New Orleans, LA",Collage.com,,4.6,Review code and mentor other engineers. Experience implementing and testing advanced JavaScript code on a team as part of a production web or mobile application…
Louisiana Commercial Account Manager,"New Orleans, LA",Nutanix,,3.8,Ability to communicate with senior management about their business challenges and Nutanix data management storage solutions.
Sr. Cyber Security Analyst – NQV II-III,"New Orleans, LA","Falconwood, Inc.",,,"Ensures the completion of programs, projects or tasks within estimated timeframes and budget constraints; ensures that the quality of the program, project or…"
PI Nurse Analyst,"New Orleans, LA (Tulane-Gravier area)",University Medical Center,,3.5,"Abstracted clinical data is harvested within timeframes as specified by CMS. PI Nurse Analyst engages in systematic chart review, analysis, abstraction of data…"
Equal Employment Specialist,"New Orleans, LA",US Department of Veterans Affairs,"$64,649 - $84,049 a year",3.8,Certain current or former term or temporary federal employees of a land or base management agency. To qualify based on education for this grade level you must…
Food Safety and Quality Assurance Manager,"New Orleans, LA",Laitram Machinery,,3.8,College and/or graduate degree in food science or other relevant subject area (or comparable professional experience). Managing the document control program.
"Science & Medicine Advisor, National Hypertension Initiative","Metairie, LA 70001",American Heart Association,,3.8,+ Minimum of eight (8) years professional experience in Clinical or research experience in the cardiovascular or related fields.
Engineering Assistant Intern,"Saint Rose, LA",Tetra Tech,,3.8,"Responsibilities will include assisting staff engineers, working in the soils laboratory, and possible fieldwork opportunities."
Advisor Network Engineer,"New Orleans, LA 70121",DXC,,3.2,Prepares data or voice network diagrams and drawings to document and assist in. Perform network configuration changes of various voice or data equipment such as…
Reg. Medical Technologist--Send Outs Full time,"New Orleans, LA 70112 (Central Business District area)",University Medical Center,,3.5,Current Louisiana license or temporary license as a Clinical Laboratory Scientist-Generalist or Clinical Laboratory Scientist-Specialist.
"Senior Software Engineer - Tanzu Observability - Opportunity for Working Remotely New Orleans, LA","New Orleans, LA",VMware Engineering,,4.0,"Rethink's Neurodiversity program to support parents raising children with learning or behavior challenges, or developmental disabilities."
Reg. Medical Technologist--Send Outs Full time,"New Orleans, LA 70112 (Central Business District area)",University Medical Center,,3.5,Current Louisiana license or temporary license as a Clinical Laboratory Scientist-Generalist or Clinical Laboratory Scientist-Specialist.
"Senior Software Engineer - Tanzu Observability - Opportunity for Working Remotely New Orleans, LA","New Orleans, LA",VMware Engineering,,4.0,"Rethink's Neurodiversity program to support parents raising children with learning or behavior challenges, or developmental disabilities."
"Software Solution Architect, Sr. Manager - DNA","New Orleans, LA 70139 (Central Business District area)",Deloitte,,4.0,"Build solutions that employ the latest technologies including data analytics, machine learning and artificial intelligence that deliver concrete business…"
Software Engineer III,"New Orleans, LA 70114 (Behrman area)","Agile Defense, Inc.",,4.5,D. Build and maintain data integration packages to accommodate external data sources to include scheduling of data transfer along with preparation of the…
NetOps Lead,"New Orleans, LA 70113 (Central City area)",Leidos,,3.7,Assist with the development and application of business processes to ensure appropriate service levels. High school Diploma or General Equivalency Diploma (GED)…
Senior Enterprise Data Modeler/Architect,"New Orleans, LA 70112 (Central Business District area)",Splunk,,4.1,"Partner with product owners, data engineers and business systems analysts to identify data mappings and generate enterprise analytics data models."
Regional Manager - South Central - Flex Financial,"New Orleans, LA",Stryker,,3.9,Develop market intelligence on key strategic customers. Physical demands: Exerting up to 10 pounds of force occasionally and/or a negligible amount of force…
Asset Management Specialist,"New Orleans, LA 70113 (Central City area)",Leidos,,3.7,Ensures developers and configuration system users comply with identification standards. High school Diploma or General Equivalency Diploma (GED) with a minimum…
Senior ASP.NET (C# and SQL) Developer - 1,"New Orleans, LA 70112 (Central Business District area)",KLM Careers,,,Highly proficient in database design and SQL. Highly proficient in database design and SQL. Must be a US Citizen or Green Card holder.
Information Security Analyst,"New Orleans, LA",Macro Solutions,,4.1,BA/BS (or equivalent experience). Must be comfortable working at the operating system level (Windows Systems) and working with both system administrators and…
Regional Director - MSLs - Myeloid/Hematology,"New Orleans, LA",Bristol Myers Squibb,,4.2,Guide and mentor MSLs in the intake of research ideas for IITs by providing regional interpretations of Medical Affairs open research questions.
Senior Cyber Security Analyst NQV II-III,"New Orleans, LA",H2 Performance Consulting,,4.3,"Ensures the completion of programs, projects or tasks within estimated timeframes and budget constraints; ensures that the quality of the program, project or…"
Senior PeopleSoft Developer,"New Orleans, LA",Macro Solutions,,4.1,"Ability to perform complex SQL queries and use database tools to examine table structures, indexes and other database objects."
"Medical Technologist (Laboratory Information Manager, LIM)","New Orleans, LA",US Department of Veterans Affairs,"$77,488 - $100,739 a year",3.8,"Serves as the local subject matter expert (SME) for national software developers for alpha or beta testing of software packages. (DSS, LMIP, LOINC and VBECS)."
Cloud Infrastructure (DevOps) Engineer,"New Orleans, LA",Lucid,,3.2,Ability to interact comfortably with AWS via CLI and/or API. Three years or more experience in predominantly cloud infrastructure roles (AWS) working within…
"Sr. Sales Executive, Integrated Security (FL/AL Gulf Coast )","Saint Rose, LA 70087",Siemens,,4.0,"Proficiently develops and implements plans to take advantage of all sales opportunities in assigned customers, geographic or vertical market."
Security Alarm Technician,"New Orleans, LA",Interface Security Systems LLC,,3.0,"Exposure to noisy or dusty conditions; chemicals & solvents; mechanical, electrical, and/or other hazards. Climbing stairs, ladders, and/or scaffolds."
"Lifecycle Incentives Sr Program Manager - Opportunity for Working Remotely New Orleans, LA","New Orleans, LA",VMware,,4.0,"Manage the sales, business unit, and marketing team feedback on the program once launched and effectively implement a roadmap of change that maps to the VMware…"
"Geospatial, Signals, Cryptologic Analyst","New Orleans, LA 70119 (Bayou Saint John area)",U.S. Army,"$26,000 - $56,000 a year",4.3,"Produce intelligence by analyzing images, fixed/moving targets and geospatial data. Provide translation expertise to analysts. Age - 17 to 34 years old."
Sr. Solutions Architect - Louisiana,"New Orleans, LA",Presidio,,3.3,Bachelor’s degree or equivalent work experience and/or military experience. Mentor deployment engineers in emerging technologies.
Assistant Professor - Research,"New Orleans, LA",LSU Health Sciences Center New Orleans,,3.1,Qualified applicants may submit their curriculum vitae and a summary of research plans in a PDF or MS Word file. School/Division LSUNO BASIC HEALTH SCIENCES.
Oracle CC&B Technical Architect - South,"New Orleans, LA",Accenture,,4.0,Bachelor's degree or equivalent work experience. Minimum of 4 years of experience as an integration architect or Application Admin.
Google Cloud Data Technical Architect,"New Orleans, LA",Accenture,,4.0,Experience with define and demonstrate expertise in both the business outcomes and technology aspects of cloud data. Excellent leadership and management skills.
Lead Software Developer (KeyString Labs),"New Orleans, LA",Entergy,,3.8,Proficient industry knowledge including understanding business values and objectives in innovation workspace. Experience implementing and testing Front-end code…
Manager Risk and Compliance (Client Security Assurance),"New Orleans, LA 70139 (Central Business District area)",Deloitte,,4.0,"Bachelor’s degree in Computer Science, Business Administration or equivalent educational or professional experience and/or qualifications."
Senior Professional Network Engineer,"New Orleans, LA 70121",DXC,,3.2,Prepares data or voice network diagrams and drawings to document and assist in. Perform network configuration changes of various voice or data equipment such as…
EPIC IT Systems Analyst,"New Orleans, LA (West Riverside area)",LCMC Health,,3.2,"Alerts senior staff members of any outages, problems or delays. Able to collect data regarding current environment and document workflow and system access."
Civil Engineer (PE),"Metairie, LA 70001",APTIM,,3.6,"Experience with the development of field data collection plans, and data analysis. Experience with business development activities."
Peoplesoft Developer,"New Orleans, LA",COMPQSOFT,,3.5,"Ability to perform complex SQL queries and use Oracle database tools to examine table structures, indexes and other database objects."
Active Directory Exchange Specialist,"New Orleans, LA 70113 (Central City area)",Leidos,,3.7,"MCSE: Cloud Platform and Infrastructure or Microsoft Certified Solutions Expert (MCSE) certification in Productivity or Messaging. Yes, 10% of the time."
"Manager, Solution Architecture – Project Omnia","New Orleans, LA 70139 (Central Business District area)",Deloitte,,4.0,"Serve as a technical liaison between the business, project team and developers/testers. Provide technical support for analysis of business requirements and…"
Senior Professional Test Engineer,"New Orleans, LA 70121",DXC,,3.2,"Six or more years of quality assurance, engineering or management information systems experience. Good personal computer and business solutions software skills."
"""Senior"" Product Manager - Opportunity for Working Remotely New Orleans, LA","New Orleans, LA",VMware,,4.0,"Collaborate with engineering, business development and data analytics teams to ship new, impactful platform capabilities that accelerate our time to value."
Site Acquisition Specialist - New Orleans,"New Orleans, LA 70112 (Central Business District area)",DISH,,3.2,"Monitor and track progress on all open transactions, ensuring database data current/accurate. Demonstrable problem solving and research skills."
Senior Big Data Software Engineer,"New Orleans, LA 70112 (Central Business District area)",KPMG,,4.0,A minimum of four years of DevOps/systems administrator or equivalent distributed systems development experience; preferably in cloud hosted environment.
Advisory BISO Senior Manager,"New Orleans, LA 70139 (Central Business District area)",Deloitte,,4.0,"12 or more years related experience, including cybersecurity and/or risk management experience or previous client-service experience in the field."
IT Specialist,"New Orleans, LA 70113 (Central City area)",Leidos,,3.7,"Analyze, identify and resolve business and or technical problems using appropriate tools. High school Diploma or General Equivalency Diploma (GED) and 4 Years…"
RN Supervisor Population Health (Care Management Supervisor),"New Orleans, LA 70118 (Leonidas area)",LCMC Health,,3.2,Review Nurse Hotline data with the population health data analyst and make recommendations to staff and Population Health leadership when improvement is needed.
Senior Cyber Assessment Analyst,"New Orleans, LA 70139 (Central Business District area)",Deloitte,,4.0,"Bachelor’s degree in Computer Science or Business Administration, or relevant educational or professional experience."
Technical Customer Success Manager - Financial Services,"New Orleans, LA",Teradata,,3.8,"Have a degree level qualification or relevant experience in computer science, software engineering, mathematics, management information systems or a related…"
IT Service Delivery Consultant,"New Orleans, LA 70113 (Central City area)",Leidos,,3.7,"Experience with Hardware (HW) or Software (SW) asset management. Ultimately, Leidos will support the Navy in unifying its shore-based networks and data…"
Patient Safety Analyst (Registered Nurse),"New Orleans, LA (West Riverside area)",Children's Hospital,,2.9,Administrative: must exhibit excellent human relations and oral/written communication skills; compile reports and statistics; compose letters and memos;…
"Senior Developer, Salesforce Marketing Cloud","Metairie, LA 70001",American Heart Association,,3.8,"As lead developer you will also be responsible for building SQL queries for complex data segments, maintaining the Marketing Cloud data model, leveraging and…"
Sr. Systems Analyst,"New Orleans, LA 70119 (Mid-City area)",New Orleans Regional Transit Authority,,,EXPERIENCEA minimum of one (1) or two (2) years recent hands-on electronic data processing experience. Performs feasibility studies of potential new electronic…
CITY ECONOMIST (CLASS CODE 0601),"New Orleans, LA 70112 (Central Business District area)",City of New Orleans,,3.9,"Three (3) years of professional economics, financial, or fiscal experience which must have included the preparation of comprehensive reports or analytical…"
ASSISTANT PROFESSOR OR ASSOCIATE PROFESSOR - PEDIATRIC OTOLARYNGOLOGY,"New Orleans, LA",LSU Health Sciences Center New Orleans,,3.1,Applicants will be encouraged to submit research plans and selected projects may qualify for initial funding. We offer a competitive salary and benefits package…
Sr. Project Manager,"New Orleans, LA 70113 (Central City area)",Leidos,,3.7,"Bachelor's Degree in Computer Science, MIS, Business, or related field and 9 years of experience. Coach and counsel members of cross-functional teams to…"
Sr. Project Manager / Site Manager,"New Orleans, LA 70113 (Central City area)",Leidos,,3.7,"Bachelor's Degree in Computer Science, MIS, Business, or related field and 9 years of experience. Coach and counsel members of cross-functional teams to…"
Associate Professor or Professor - Cancer Research,"New Orleans, LA",LSU Health Sciences Center New Orleans,,3.1,"The ideal candidate will have a significant, consistent track record of high impact, peer-reviewed publications, extramurally funded research, and team science,…"
"Manager, Solution Architecture – Audit","New Orleans, LA 70139 (Central Business District area)",Deloitte,,4.0,"Serve as a technical liaison between the business, project team and developers/testers. Provide technical support for analysis of business requirements and…"
Cyber Security Architect and Engineering Senior Manager,"New Orleans, LA 70139 (Central Business District area)",Deloitte,,4.0,"12 or more years related experience, including cybersecurity and/or risk management experience or previous client-service experience in the field."
Technical Solution Sales Engineer,"New Orleans, LA 70113 (Central City area)",Leidos,,3.7,Contribute to an expanding portfolio of business. Relevant experience includes demonstrated experience in crafting and selling solutions that utilize data…
INSPECTOR AND EVALUATOR I (INSPECTOR GENERAL),"New Orleans, LA 70112 (Central Business District area)",City of New Orleans,,3.9,"A Juris Doctor OR Master's Degree from an accredited college or university in a field requiring quantitative and/or qualitative research including science,…"
IT Network Support Specialist I,"New Orleans, LA 70125 (Gert Town area)",Xavier University of Louisiana,,4.2,"The incumbent is responsible for resolving user trouble tickets, and for providing consulting services to the director, network administrator, database analyst,…"
Lead Distribution Engineer,"New Orleans, LA 70113 (Central City area)",Leidos,,3.7,"Experience with BOUD or GE Smallworld. Lead and develop a team of engineers. Bachelors of Science in Engineering degree (Electrical, Mechanical, Civil, or…"
Technical Sales Lead – Utility Vegetation Management,"New Orleans, LA 70113 (Central City area)",Leidos,,3.7,"Contribute to an expanding portfolio of business. A successful candidate will have experience in electric utility vegetation management and in the development,…"
Senior PeopleSoft Developer,"New Orleans, LA 70148 (Lake Terrace And Oaks area)",CSCI Consulting,,4.7,"Ability to perform complex SQL queries and use Oracle database tools to examine table structures, indexes and other database objects."
DEPUTY INSPECTOR GENERAL OF INSPECTIONS AND EVALUATIONS,"New Orleans, LA 70112 (Central Business District area)",City of New Orleans,,3.9,(1) A Juris Doctor or a Master's Degree from an accredited college or university in a field requiring quantitative and/or qualitative research including science…
"Senior Manager, Solution Architect – DAS Project Omnia","New Orleans, LA 70139 (Central Business District area)",Deloitte,,4.0,"Partners with business analysts, systems analysts and engineers to define and review requirements. Works with business clients and product owners to review…"
INFORMATION TECHNOLOGY SPECIALIST III (PROJECT MANAGEMENT) (CLASS CODE 0177),"New Orleans, LA 70112 (Central Business District area)",City of New Orleans,,3.9,Applicants should notify the Department of City Civil Service in writing of any address changes The minimum age limit is 18 years for any class of work…
"FIRE PREVENTION INSPECTOR, RECRUIT (CLASS CODE 2276)","New Orleans, LA 70112 (Central Business District area)",City of New Orleans,,3.9,Applicants should notify the Department of City Civil Service in writing of any address changes The minimum age limit is 18 years for any class of work…
Cloud Security Architect Manager,"New Orleans, LA 70139 (Central Business District area)",Deloitte,,4.0,"5 or more years of experience doing application and/or infrastructure solution architecture. Incorporate business drivers, needs and strategies to address…"
DEPUTY INSPECTOR GENERAL OF AUDIT AND REVIEW (CLASS CODE 0706),"New Orleans, LA 70112 (Central Business District area)",City of New Orleans,,3.9,"The minimum age limit is 18 years for any class of work requiring hard physical labor, operation of or proximity to hazardous machinery, exposure to hazardous…"
ENGINEER-IN-TRAINING (4050),"Gretna, LA 70053",Jefferson Parish,,3.7,"Position requires driving of a personal vehicle, thus possession of a valid driver's license, acceptable driving record, and personal automobile with minimum…"
INFORMATION TECHNOLOGY SPECIALIST III (GIS ANALYST) (CLASS CODE 0177),"New Orleans, LA 70112 (Central Business District area)",City of New Orleans,,3.9,Maintaining technical and business documentation. Applicants should notify the Department of City Civil Service in writing of any address changesThe minimum age…
Business Intelligience Analyst (Business Intelligence),"Metairie, LA 70003",New Orleans Saints & Pelicans,,4.3,Support data analytics projects of Faubourg Brewing Companyand the automotive businesses. Work closely with the Data Operations team within the Business…
"Senior Manager, Enterprise Architect - DAS Project Omnia","New Orleans, LA 70139 (Central Business District area)",Deloitte,,4.0,"Serve as a technical liaison between the business, project team and developers/testers. Provide technical support for analysis of business requirements and…"
Business Intelligence Specialist,"New Orleans, LA 70125 (Central City area)","Odyssey House Louisiana, Inc.",From $28.50 an hour,2.9,"Ensure the use of business intelligence applications to enhance decision making; This position will review and validate client data as it is collected, monitor…"
HEALTH PROJECT & PLANNING SPECIALIST (GRANTS AND PROGRAM MANAGER) (CLASS CODE 5502),"New Orleans, LA 70112 (Central Business District area)",City of New Orleans,,3.9,Applicants should notify the Department of City Civil Service in writing of any address changes The minimum age limit is 18 years for any class of work…
FORENSIC AUDITOR III (INSPECTOR GENERAL) (CLASS CODE 0702),"New Orleans, LA 70112 (Central Business District area)",City of New Orleans,,3.9,A Bachelor's Degree in accounting or a related field with at least eighteen (18) hours of accounting (excluding hours earned in business law) from an accredited…
Business Intelligence Analyst Job - Full - Time - Causeway Solutions,"New Orleans, LA",Causeway Solutions,,,Experience in political or advocacy data is a plus. Business Intelligence Analyst must be able to perform data manipulation tasks using available and most…
"Senior Manager, Solution Architect - DAS Audit & Assurance","New Orleans, LA 70139 (Central Business District area)",Deloitte,,4.0,The Solution Architecture Senior Manager 1 manages large teams who are developing high level frameworks that align an organization’s IT infrastructure with…
SCHOOL TEST COORDINATOR/INSTRUCTIONAL DATA ANALYST,"New Orleans, LA (Uptown area)",Sophie B Wright Charter School,"$40,000 - $60,000 a year",2.6,"Sophie B Wright High School is seeking a school test coordinator/data analyst. Ability to read, evaluate and interpret data. Proven success working with teams."
Business Intelligence Analyst (FT),"Saint Rose, LA",Southern Glazer's Wine And Spirits Of Texas,,3.6,Bachelor’s degree and 3 years of experience in a corporate business analyst role. Input corporate and supplier programs into designated business intelligence…
Associate Professor or Professor,"New Orleans, LA",LSU Health Sciences Center New Orleans,,3.1,A recently awarded NIH-funded IDEA grant provides support for training of clinical scientists and translational and clinically relevant research.
Associate Professor or Professor,"New Orleans, LA",LSU Health Sciences Center New Orleans,,3.1,A recently awarded NIH-funded IDEA grant provides support for training of clinical scientists and translational and clinically relevant research.
Database Developer,"New Orleans, LA","Goldbelt, Inc.",,3.3,Integration of systems and/or interfaces into the application architecture through database design. Personal protective equipment provided or required.
Cloud Security Enterprise Architect and Engineer Senior Manager,"New Orleans, LA 70139 (Central Business District area)",Deloitte,,4.0,5 or more years of experience doing application and/or infrastructure solution architecture. You will lead and coordinate the work integrated with project team…
Senior Data Analyst,"New Orleans, LA 70117 (St. Roch area)",CrescentCare,,2.8,"Some experience with scripting languages such as Python or Ruby, or a desire and aptitude to learn. Senior Data Analyst is responsible for managing the health…"
Client Relationship Specialist,"New Orleans, LA 70119 (Bayou Saint John area)","Southleft, LLC","$45,000 - $55,000 a year",,Experience in sales or negotiation is helpful. Add new client and project data into our digital systems. Maintain HubSpot Deals pipeline and contacts database;…
Financial Analyst,"New Orleans, LA 70121",PosiGen,"$50,000 - $60,000 a year",,"Personal protective equipment provided or required. Sanitizing, disinfecting, or cleaning procedures in place. Operational analytics management and reporting."
Revenue Cycle Management Analyst,"New Orleans, LA 70117 (Bywater area)","CHME, Inc.","$55,000 - $65,000 a year",,Has excellent knowledge of Excel and other data base platforms. Participates and presents trends in client meetings via phone or onsite as needed.
Laboratory Technician,"New Orleans, LA",RX2 Nurses,From $25 an hour,,They need to be highly proficient with data analyst and have worked in high throughput labs. Personal protective equipment provided or required.
Strategist,"New Orleans, LA 70119 (Bayou St. John area)",Trumpet,,4.4,Conversant in Brand Strategy and/or Strategic Planning. 2-5 years of Agency or MarCom experience working in a strategic capacity.
Engineer 2 - Data Center,"New Orleans, LA",Global Data Systems,,3.4,Intermediate SAN administration experience (HP 3PAR or QNAP preferred). Well-developed facilitation skills to achieve results among various internal employees…
Labor/Section 3 Compliance Specialist,"New Orleans, LA 70122 (Dillard area)",Housing Authority of NO,"$54,176 - $66,629 a year",,"Bachelor’s Degree in business administration, public administration or related field. Ability to evaluate data and maintain records."
Junior Engineer - American Queen Steamboat Company,"New Orleans, LA",American Queen Steamboat Operating Co,,,"Replace or repair machine belts. HS Diploma or Equivalent Required. Professional Certification(s) or License: The Junior Engineer is responsible for Assembling,…"
Development Director,"Harvey, LA",Verius Property Group,,,"MBA or MS in Real Estate or Finance a plus. Bachelor's degree from a four-year college or university in either business, finance, economics, real estate…"
Programmer Analyst,"New Orleans, LA 70122 (Dillard area)",Housing Authority of NO,"$59,729 - $73,459 a year",,Demonstrated experience analyzing data to support business decisions. Possession of a Bachelor's degree from an accredited college or university in computer…
Product Manager,"New Orleans, LA 70130 (Lower Garden District area)",Levelset,,4.7,Manage the daily workflow with a team of engineers and designers. Experience providing customer behavior insights in a data-driven environment.
Programmer Analyst,"New Orleans, LA 70122 (Dillard area)",HANO,"$59,729 - $73,459 a year",4.8,"Possession of a Bachelor's degree from an accredited college or university in computer science, business administration, or a related field; and 3-5 years of…"
Software Engineer,"New Orleans, LA 70130 (Central Business District area)",Capital City Press,,4.0,A full-stack skillset is desired because that depth of knowledge will position this engineer/developer to succeed in sparking a fast-paced transformation of our…
Network Administrator with Solarwinds RMM Experience,"New Orleans, LA",T L Data Corporation,$13 - $38 an hour,,Remote Desktop Services or Team Viewer. Perform pro-active monitoring of network elements and alerts to identify those components/elements that are causing or…
HCV Financial Specialist,"New Orleans, LA 70122 (Dillard area)",Housing Authority of New Orleans (HANO),$20.41 - $25.10 an hour,3.7,"An Associate’s degree in Accounting or related field from an accredited college or University with five years of progressive experience in preparation,…"
Risk Management Analyst,"Waggaman, LA",Cornerstone Chemical Company,,3.6,Reviewing financial data and performing calculations within Excel. Must be able to analyze data and resolve any issues. KEY SKILL’s (Must have):
Product Manager (Flight Booking Path),"New Orleans, LA 70130 (Central Business District area)",iSeatz,,4.3,Balance of business acumen and technical depth to map a business requirement to API specifications. Complementary experience in Product Owner or Development…
Quality Control Manager (QCM) / SSHO Dual Role,"New Orleans, LA","APC Construction, LLC",,,• Degree in safety or related field; or. Personal protective equipment provided or required. Prepare the Quality Control and Safety Plans for the Project based…
Quality Control Associate (minimum 4 years of experience required),"New Orleans, LA 70119 (Bayou Saint John area)","K-Belle Consultants, LLC",$18 - $27 an hour,,Require that defective work or material be corrected or removed until it is made compliant. High school or equivalent (Required). A valid driver’s license.
Student Account Counselor - Student Financial Services,"New Orleans, LA 70118 (Audubon area)",Loyola University New Orleans,,3.9,"High school or equivalent (Preferred). Basic word processing, spreadsheet, and database user skills. A minimum of two years of experience working in a financial…"
Financial Analyst (Job ID# 1388824),"New Orleans, LA 70143",Sayres & Associates,,4.3,Experience in being a Team Lead or senior member of the team. Bachelor's Degree from an accredited four-year College or University.
Construction Economist,"New Orleans, LA 70130 (Lower Garden District area)",Levelset,,4.7,BS/BA in economics or relevant field. Produce excellent data driven content for our audience at a high velocity. Coordinate editorial publications and meetings.
Assistant IT Administrator,"Metairie, LA 70002",Donaldson Companies,From $16 an hour,,High school or equivalent (Preferred). Previous experience in IT or other related fields. You will coordinate activities in fields such as electronic data…
SaaS Human Resources Specialist,"New Orleans, LA 70130 (Central Business District area)",Prokeep,"$55,000 - $60,000 a year",,You measure everything and use that data to improve and optimize systems and processes. We are looking for candidates who have been responsible for full-cycle…
Associate Development Director,"New Orleans, LA 70114 (McDonogh area)",Élan Academy Charter School,Up to $35 an hour,5.0,One or more years of progressively responsible fundraising experience CFRE or other training and development a plus. Élan adds one grade level per year.
Compliance Analyst,"New Orleans, LA 70112 (Central Business District area)",THE FINANCE AUTHORITY OF NEW ORLEANS,,,"Provide financial and policy-related research, data analysis and reporting functions to the Programs Division. Competitive compensation with bonus potential."
Multifamily Family Program Analyst,"New Orleans, LA 70112 (Central Business District area)",THE FINANCE AUTHORITY OF NEW ORLEANS,,,"Bachelor’s or master’s degree in accounting, finance, business administration, public policy, public administration or related field and at least six (6) years…"
Fireman - American Queen Steamboat Company,"New Orleans, LA",American Queen Steamboat Operating Co,,,HS Diploma or Equivalent Required. Assist watch engineer in overhauling and adjusting machinery. Professional Certification(s) or License:
Mid SharePoint Developer,"New Orleans, LA",NXAXIS,"$80,000 - $90,000 a year",,"Analyzing customer problems and/or needs then suggesting and implementing solutions. Provide SharePoint development, relational database design, and function…"
3rd Assistant Engineer - American Queen Steamboat Company,"New Orleans, LA",American Queen Steamboat Operating Co,,,"Adjust manual controls or override automatic controls to bring equipment into recommended or prescribed operating ranges, switch to back-up equipment or systems…"
Business Office Manager,"New Orleans, LA 70115 (Uptown area)",Vivere Health New Orleans LLC,,,"CPA and/or MBA (or equivalent) preferred. Bachelor's degree in healthcare administration, business (or related field) required."
Coach / Mentor / Event Specialist,"New Orleans, LA",Boosterthon Enterprises,$11 - $15 an hour,4.4,"High school or equivalent (Preferred). Engaging with teachers, parents, and administrators. All Booster team members are required to wear a mask on elementary…"
Jr. Engineering Tech,"New Orleans, LA 70119 (Bayou Saint John area)","EJES, Inc.",,,"Drafts and prepares engineering plans and exhibits from field data, sketches, drawings, raw data, diagrams and/or verbal/written instructions."
Field Engineer/ Internship,"Saint Rose, LA 70087",Mullin Landscape,"From $45,000 a year",3.7,"High school or equivalent (Preferred). Analyze data and present reports for decision-making. Undergraduate degree in Construction Management, Civil Engineering…"
Program Specialist,"New Orleans, LA 70112 (Central Business District area)",THE FINANCE AUTHORITY OF NEW ORLEANS,,,"Bachelor’s or master’s degree in accounting, finance, business administration, public. Analysis or reports on trends in the industry."
Financial Analyst,"New Orleans, LA 70112 (Central Business District area)",THE FINANCE AUTHORITY OF NEW ORLEANS,,,"Maintain financial database by entering, validating, and monitoring data backups. Analyze large data sets for financial modeling and report building."
Referrals Coordinator,"Gretna, LA 70056",ChenMed,,3.3,3+ years Utilization Management and/or Provider Relations or Healthcare Analyst experience or similar background. Excellent influencing and negotiation skills.
Chief Engineer - American Queen Steamboat Company,"New Orleans, LA",American Queen Steamboat Operating Co,,,HS Diploma or Equivalent Required. Professional Certification(s) or License: We make objective data- and logic-based decisions with limited emotion.
Executive Assistant to CBO,"New Orleans, LA 70130 (Lower Garden District area)",StrikerVR,,,Personal protective equipment provided or required. High level of emotional intelligence and maturity; required. Critical Duties in Supporting Our CBO: *.
Service Desk Analyst-NSIPS,"New Orleans, LA","Universal Consulting Services, Inc.",,3.5,"Priority review will be given to former or recently separating Navy Veterans, Navy Reservists or Navy Civilian employees. Military experience is a Plus."
Senior Mobile Application Developer [100% Remote] - Fulltime Position,"Metairie, LA 70005",FolkStaff,"$80,000 - $100,000 a year",,Develop a service layer to retrieve data and apply business logic. 3+ years experience with Apache Cordova or Ionic. Delivered that to a mobile app.
Senior Manager,"New Orleans, LA",Patra Corporation,,3.8,"Manage Operations: Develop and expand department goals and objectives, assist with development and maintenance of business resiliency plan, communicate business…"
Business Development Assistant to the CEO,"New Orleans, LA 70112 (Central Business District area)",THE FINANCE AUTHORITY OF NEW ORLEANS,,,"Applicable/transferable experience: private sector roles in law, business strategy or consulting; Draft communication on behalf of the CEO and/or research in…"
Individual Giving Manager,"New Orleans, LA 70112 (Central Business District area)",Up2Us Sports,"$52,000 - $60,000 a year",4.3,"A Bachelor’s Degree or equivalent work experience. Provide organization, production, and maintenance of giving campaign materials and data."
WINA HR Business Partner,"New Orleans, LA",Wurth Industry,,,"The successful HRBP will possess strong business acumen, a high level of emotional intelligence, and a passion for the HR discipline."
Area Sales Manager - Louisiana,"New Orleans, LA",Portwest,,3.8,Identify new business opportunities and complete sales planning. Build quality business relationships with new and existing accounts.
Sr. Security Engineer,"New Orleans, LA",BusPatrol,,3.0,"Work with Information Technology staff and business units to assess risk and address security issues. Reporting to the Chief Information Security Officer, the…"
BPM Solution Developer,"New Orleans, LA","Blue Streak Technologies, LLC",,4.0,Bachelor's Degree in MIS or Computer Science (or equivalent degree) or comparable professional experience. NET or Java software development experience.
Budget & Grant Analyst,"New Orleans, LA 70117 (St. Roch area)",CrescentCare,,2.8,Masters in accounting or business or related field. Bachelor’s Degree in accounting or business or related field required. 40 hours of work per week.
Marketing Manager,"Metairie, LA 70005",Geocent,,3.8,"Bachelor's degree in marketing, business, or related field. Gather customer and market insights — working in partnership with the business intelligence and…"
Estimating Administrator,"Metairie, LA 70002",WFN - The McDonnel Group,,,"Maintain vendor database within Dodge. The employee will periodically need to lift and/or carry heavy documents such as specifications and/ or equipment,…"
QMED - American Queen Steamboat Company,"New Orleans, LA",American Queen Steamboat Operating Co,,,HS Diploma or Equivalent Required. Professional Certification(s) or License: Assist watch engineer in overhauling and adjusting machinery.
PRISM Teacher,"New Orleans, LA 70118 (Audubon area)",Center for Resilience,"$45,000 - $52,000 a year",2.5,"Experience working with students with moderate to significant autism spectrum or related disorders strongly preferred, either in an alternative or self…"
Engineer 3 - Networking (Contractor),"New Orleans, LA",Global Data Systems,,3.4,"Global Data Systems (GDS) is seeking professional, quality focused. The goal is not only to service technical issues, but also to deliver effective and…"
Wireless District Manager,"New Orleans, LA","Premium Retail Services, Inc.",,3.3,Establish strong business relationships with store managers. Present recommendations to senior leadership based on market intelligence.
"Senior Superintendent, New Orleans","New Orleans, LA 70125 (Gert Town area)",The Lemoine Company,,4.3,"Bachelor's Degree from an accredited University in Construction Management, Engineering, or related curriculum or equivalent work experience."
EPIC IT Systems Analyst,"New Orleans, LA (West Riverside area)",LCMC Health,,3.2,"Alerts senior staff members of any outages, problems or delays. Able to collect data regarding current environment and document workflow and system access."
Civil Engineer (PE),"Metairie, LA 70001",APTIM,,3.6,"Experience with the development of field data collection plans, and data analysis. Experience with business development activities."
Peoplesoft Developer,"New Orleans, LA",COMPQSOFT,,3.5,"Ability to perform complex SQL queries and use Oracle database tools to examine table structures, indexes and other database objects."
Active Directory Exchange Specialist,"New Orleans, LA 70113 (Central City area)",Leidos,,3.7,"MCSE: Cloud Platform and Infrastructure or Microsoft Certified Solutions Expert (MCSE) certification in Productivity or Messaging. Yes, 10% of the time."
"Sr Government Grant Analyst, National Hypertension Initiative","Metairie, LA 70001",American Heart Association,,3.8,+ Ability to analyze financial data and interpret into narrative form. Maintain understanding and apply new or revised federal grant requirements and…
"Manager, Solution Architecture – Project Omnia","New Orleans, LA 70139 (Central Business District area)",Deloitte,,4.0,"Serve as a technical liaison between the business, project team and developers/testers. Provide technical support for analysis of business requirements and…"
Senior Professional Test Engineer,"New Orleans, LA 70121",DXC,,3.2,"Six or more years of quality assurance, engineering or management information systems experience. Good personal computer and business solutions software skills."
"""Senior"" Product Manager - Opportunity for Working Remotely New Orleans, LA","New Orleans, LA",VMware,,4.0,"Collaborate with engineering, business development and data analytics teams to ship new, impactful platform capabilities that accelerate our time to value."
Site Acquisition Specialist - New Orleans,"New Orleans, LA 70112 (Central Business District area)",DISH,,3.2,"Monitor and track progress on all open transactions, ensuring database data current/accurate. Demonstrable problem solving and research skills."
Senior Big Data Software Engineer,"New Orleans, LA 70112 (Central Business District area)",KPMG,,4.0,A minimum of four years of DevOps/systems administrator or equivalent distributed systems development experience; preferably in cloud hosted environment.
Customer Service Representative - Tier 1 - Navy Pay and Personnel,"New Orleans, LA","IntellecTechs, Inc.",,,Work directly with the database administrator in conducting minor database operations to resolve systems/data integrity issues; Help desk: 10 years (Preferred).
Senior Automation Engineer,"New Orleans, LA","Champion Technology Services, Inc.",,,"Experience with Yokagawa or Emerson or Honeywell a plus! Bachelor’s Degree and 3 years of Automation or Controls related experience (Electrical, Computer,…"
Lead Stationary Engineer - Plant Operations,"New Orleans, LA",Bernhard LLC,,,"Required - High School diploma or equivalent. Assists Plant Manager in collecting, parsing and analyzing data during loss of availability activity."
Systems Engineer,"Avondale, LA 70094",JCHCC DBA Inclusivcare,,,5 or more years of IT Systems Engineering Experience. Maintain data logs and a sound inventory of IT equipment. 1-2 years of Supervisory experience.
Substation Technician,"New Orleans, LA",North American Substation Services,,3.2,"High School diploma or GED. The installation, troubleshooting and maintenance of communication, data processing, and computerized control equipment."
SAP Systems Help Desk Analyst,"New Orleans, LA","Pinnacle Polymers, LLC",,,"Provide support and troubleshooting of interfaces between business systems collaborating with internal teams, international support desk or third party supplier…"
Senior CADD Technician,"New Orleans, LA 70119 (Bayou Saint John area)","EJES, Inc.",,,"Drafts and prepares engineering plans and exhibits from field data, sketches, drawings, raw data, diagrams and/or verbal/written instructions."
"Bridge Inspector/ Staff Engineer - Metairie, LA","Metairie, LA 70001","Bridge Diagnostics, Inc.","$50,000 - $75,000 a year",4.1,"Analysis and reporting of structural data,. Overseeing field testing/inspection work to ensure quality of testing and data collection."
Civil/Structural Engineer,"Metairie, LA 70001",APTIM,,,"Experience with the development of field data collection plans, and data analysis. Experience with business development activities."
Center General Manager (Metairie),"Metairie, LA 70006",ChenMed,,3.3,"Associate degree with a minimum of 10 years’ related internal and/or external work experience in same or similar service industry, preferable healthcare or…"
RTD&E Service Desk,"New Orleans, LA 70122 (Lake Terrace and Oaks area)",UNIVERSAL CONSULTING SERVICES,,3.5,"Priority review will be given to former or recently separating Navy Veterans, Navy Reservists or Navy Civilian employees. ITSM (ticket writing and tracking)."
PRISM PROGRAM ASSOCIATE DIRECTOR,"New Orleans, LA 70118 (Audubon area)",Center for Resilience,"$60,000 - $65,000 a year",2.5,"Masters degree in education or related field, such as social work or psychology. Certification or licensure in working with children with special education…"
Software Developer,"Metairie, LA 70001",Digicomm Systems,,,"The candidate will have 2 or more years software development experience, a BS/MS Computer Science or equivalent preferred."
Civil/Structural Forensic Engineer,"New Orleans, LA 70130 (Lower Garden District area)",J.S. Held,,3.1,"2 (mid-level) or 7 (senior-level) or more years of experience as a forensic engineer (required). Prepares reports detailing observations made, testing results,…"
Sr. Network Engineer,"New Orleans, LA 70112 (Central Business District area)",INSUVI,,4.7,Research and solve complex problems regarding data communication failures. Assist with Training personnel in data communication operations and procedures.
Outside Sales Professional,"New Orleans, LA",Jan-Pro of Southeast Louisiana,,,"The Outside Sales Representative sells commercial cleaning services to meet the needs of a variety of customer businesses, including banks, car dealerships,…"
Senior Financial Analyst (Job ID# 1388823),"New Orleans, LA 70143",Sayres & Associates,,4.3,Experience in being a Team Lead or senior member of the team. Bachelor's Degree from an accredited four-year College or University.
Technical Sales Representative,"Metairie, LA 70001",Southern Scales & Controls,,,"Report on market trends, competitive intelligence, and changes to customer’s businesses that affect our business. Identify and resolve client concerns."
Senior Software Developer,"Metairie, LA 70001",Communications Sales and Leasing Inc,,,"Manages third party developers that we have contracted to assist with application development. Ability to read effectively from a computer screen, sampling…"
Field Engineer - Industrial Automation,"New Orleans, LA",ProAutomated Inc.,,,"Two or four-year degree (technical field preferred) OR three+ years of electrical, field service or lighting experience. Laptop and iPhone provided for use."
Senior Software Developer - PHP,"New Orleans, LA",Targeted Talent,,,"Strong knowledge of database technologies to scale for high volume web sites a big asset. Develop, implement, and maintain object-oriented backend applications…"
Roadway Design Engineer,"New Orleans, LA 70119 (Mid-City area)",Volkert Inc,,3.8,"Adjusts and correlates data, recognizes discrepancies in results. Leading or assisting in the development of project designs and directing junior engineers,…"
Cyber Security Engineer - Remote,"New Orleans, LA 70179 (Bayou Saint John area)","LHC Group, Inc.",,3.5,"Resolves highly complex technical issues and conducts advanced research. Develop the environment to manage cybersecurity risk to systems, assets, data and…"
Senior Estimator,"New Orleans, LA 70125 (Gert Town area)",The Lemoine Company,,4.3,"Engineering or construction related Bachelor degree from a 4 year university. Capable of providing conceptual estimates based on drawings, quantities and other…"
Sr. Project Manager,"New Orleans, LA 70119 (Bayou Saint John area)","EJES, Inc.",,,Apply established mathematical and statistical techniques to analyze data. At least fifteen years of experience as a professional civil engineer.
Senior User Experience Designer,"New Orleans, LA 70130 (Lower Garden District area)",Levelset,,4.7,"Bachelor’s Degree or above in design, human-computer interaction, computer science business management, or related field or equivalent experience."
Regional Sales Director (wastewater) - Central,"New Orleans, LA","Huber Technology, Inc.",,,"BS in a technical or engineering discipline. Sanitizing, disinfecting, or cleaning procedures in place. The Regional Sales Director-Central (RSD) is responsible…"
Stationary Engineer - Plant Operations,"New Orleans, LA",Bernhard LLC,,,Required - High School diploma or equivalent. Performs building rounds and equipment inspections by properly entering round sheet data and reporting problems to…
Sr. Technical Product Manager,"New Orleans, LA",Patra Corporation,,3.8,"Analytical and quantitative skills, having the ability to use hard data and to back up assumptions for business cases development."
Sr. Solutions Architect - Louisiana,"New Orleans, LA","Presidio, Inc.",,3.3,Bachelor’s degree or equivalent work experience and/or military experience. Mentor deployment engineers in emerging technologies.
Quality Assurance & Laboratory Manager,"Avondale, LA 70094",Fuji Vegetable Oil,,3.9,Bachelor's degree from a four-year college or university in Chemistry or Biochemistry. Works closely with scientists and/or engineers to develop and test custom…
Project Manager,"New Orleans, LA 70119 (Bayou Saint John area)","EJES, Inc.",,,"Directs and develops engineering drawings from field data, sketches, drawings, raw data, diagrams and verbal/written narrative instructions; performs or directs…"
Electrical Engineer / Inspector,"New Orleans, LA",WSP USA,,3.7,Data collection and reporting to determine if further testing or scoping studies are recommended or required. Ability to work in elevated or confined spaces and…
Project Architect,"New Orleans, LA 70130 (Central Business District area)","Manning, APC","$60,000 - $85,000 a year",,Registered Architect License or active pursuit of licensure. Five (5) or more years of managerial experience in office environment preferred.
Enterprise Cyber Security Architect - Remote,"New Orleans, LA 70179 (Bayou Saint John area)","LHC Group, Inc.",,3.5,Liaise with the Emergency Preparedness Committee and business services lines to validate security practices for business continuity and disaster recovery teams.
Cyber Security Auditor II,"New Orleans, LA 70179 (Bayou Saint John area)","LHC Group, Inc.",,3.5,"Bachelor’s Degree in Information Technology/Computer Science or related degree. Develop a strong understanding of LHC business, information technology and…"
Software Developer,"New Orleans, LA",Stone Clinical Laboratories,,,"Follow data standards, resolve data issues, complete unit testing and system documentation. Design and develop data constructs using C#."
"Splunk Engineer/Architect-New Orleans, LA","New Orleans, LA 70112 (Central Business District area)",iSenpai,,4.7,"This role requires the ability to design, architect and implement Splunk solutions in support of cybersecurity and IT operations analysts and data scientists."
